instance_index,explanation,explanation_map
0,"[('dem > 0.41', -0.1054705986186412), ('tri > 0.90', 0.08929609291388257), ('slope > -0.28', -0.05366123096835499), ('0.08 < nwdi <= 0.72', 0.03746973842593541), ('soils > 1.32', 0.022462950337805994)]","{1: [(8, -0.1054705986186412), (6, 0.08929609291388257), (4, -0.05366123096835499), (1, 0.03746973842593541), (5, 0.022462950337805994)]}"
1,"[('dem > 0.41', -0.09791606532994744), ('nwdi <= -0.77', -0.06652394745136664), ('slope <= -0.28', 0.054078818047399606), ('aspect <= -0.70', -0.030299240181940898), ('ndvi > 0.69', -0.02819348115274283)]","{1: [(8, -0.09791606532994744), (1, -0.06652394745136664), (4, 0.054078818047399606), (7, -0.030299240181940898), (0, -0.02819348115274283)]}"
2,"[('aspect > 0.94', 0.10567988902854529), ('dem > 0.41', -0.10070942244941362), ('slope > -0.28', -0.054468249263569454), ('nwdi > 0.72', 0.05258929334810173), ('tri <= -0.68', -0.04027687567750357)]","{1: [(7, 0.10567988902854529), (8, -0.10070942244941362), (4, -0.054468249263569454), (1, 0.05258929334810173), (6, -0.04027687567750357)]}"
3,"[('dem > 0.41', -0.10153009323740168), ('nwdi <= -0.77', -0.0629183988742278), ('-0.82 < distancefromriver <= -0.43', 0.05741967245739042), ('slope > -0.28', -0.0567756653974919), ('ndvi > 0.69', -0.023817057405022664)]","{1: [(8, -0.10153009323740168), (1, -0.0629183988742278), (2, 0.05741967245739042), (4, -0.0567756653974919), (0, -0.023817057405022664)]}"
4,"[('aspect > 0.94', 0.1117305006476928), ('dem > 0.41', -0.10087973153290129), ('nwdi <= -0.77', -0.06695055886965759), ('slope > -0.28', -0.05193014714639702), ('tri <= -0.68', -0.04253273109552501)]","{1: [(7, 0.1117305006476928), (8, -0.10087973153290129), (1, -0.06695055886965759), (4, -0.05193014714639702), (6, -0.04253273109552501)]}"
5,"[('dem > 0.41', -0.1081200160216081), ('slope <= -0.28', 0.06076776956775475), ('0.08 < nwdi <= 0.72', 0.03578768638944146), ('aspect <= -0.70', -0.03556180611094426), ('ndvi <= -0.72', -0.02068637203678804)]","{1: [(8, -0.1081200160216081), (4, 0.06076776956775475), (1, 0.03578768638944146), (7, -0.03556180611094426), (0, -0.02068637203678804)]}"
6,"[('aspect > 0.94', 0.1033151032151864), ('dem > 0.41', -0.09480161121406636), ('nwdi <= -0.77', -0.05997104259235841), ('slope > -0.28', -0.057688824420352426), ('tri <= -0.68', -0.03740929684660428)]","{1: [(7, 0.1033151032151864), (8, -0.09480161121406636), (1, -0.05997104259235841), (4, -0.057688824420352426), (6, -0.03740929684660428)]}"
7,"[('dem > 0.41', -0.10532607024085974), ('nwdi <= -0.77', -0.06984852870177286), ('-0.70 < aspect <= -0.16', -0.06237106610958376), ('slope <= -0.28', 0.0620381854043424), ('-0.75 < soils <= 1.32', 0.032034180001072624)]","{1: [(8, -0.10532607024085974), (1, -0.06984852870177286), (7, -0.06237106610958376), (4, 0.0620381854043424), (5, 0.032034180001072624)]}"
8,"[('dem > 0.41', -0.10080280127991098), ('nwdi <= -0.77', -0.059267315336168594), ('slope <= -0.28', 0.05451430444603629), ('aspect <= -0.70', -0.038261188441344025), ('ndvi > 0.69', -0.026135775450681034)]","{1: [(8, -0.10080280127991098), (1, -0.059267315336168594), (4, 0.05451430444603629), (7, -0.038261188441344025), (0, -0.026135775450681034)]}"
9,"[('dem > 0.41', -0.1019610484984747), ('nwdi <= -0.77', -0.05880302368049468), ('slope > -0.28', -0.05775298601925325), ('tri <= -0.68', -0.041359763950497404), ('ndvi > 0.69', -0.02980717983487487)]","{1: [(8, -0.1019610484984747), (1, -0.05880302368049468), (4, -0.05775298601925325), (6, -0.041359763950497404), (0, -0.02980717983487487)]}"
10,"[('dem > 0.41', -0.1117883818815923), ('slope <= -0.28', 0.06093705206043804), ('0.08 < nwdi <= 0.72', 0.04070310319390942), ('aspect <= -0.70', -0.038502622767662635), ('soils > 1.32', 0.023578511826802807)]","{1: [(8, -0.1117883818815923), (4, 0.06093705206043804), (1, 0.04070310319390942), (7, -0.038502622767662635), (5, 0.023578511826802807)]}"
11,"[('dem > 0.41', -0.09931825701577278), ('slope <= -0.28', 0.05171608111684258), ('aspect <= -0.70', -0.042114088768535694), ('-0.14 < ndvi <= 0.69', 0.02661849169699485), ('-0.77 < nwdi <= 0.08', -0.022887396671531456)]","{1: [(8, -0.09931825701577278), (4, 0.05171608111684258), (7, -0.042114088768535694), (0, 0.02661849169699485), (1, -0.022887396671531456)]}"
12,"[('aspect > 0.94', 0.10709138632450046), ('dem > 0.41', -0.10224755515944636), ('slope > -0.28', -0.06229451774095479), ('-0.82 < distancefromriver <= -0.43', 0.05680149029897734), ('tri <= -0.68', -0.04209917155432194)]","{1: [(7, 0.10709138632450046), (8, -0.10224755515944636), (4, -0.06229451774095479), (2, 0.05680149029897734), (6, -0.04209917155432194)]}"
13,"[('dem > 0.41', -0.10624775015902474), ('aspect > 0.94', 0.10396894315939062), ('nwdi <= -0.77', -0.06507869838133307), ('slope > -0.28', -0.056343945658825285), ('-0.82 < distancefromriver <= -0.43', 0.05363700604229514)]","{1: [(8, -0.10624775015902474), (7, 0.10396894315939062), (1, -0.06507869838133307), (4, -0.056343945658825285), (2, 0.05363700604229514)]}"
14,"[('aspect > 0.94', 0.11652836157354336), ('dem > 0.41', -0.11117833818932074), ('nwdi <= -0.77', -0.06949223835904066), ('slope > -0.28', -0.05360355304815257), ('ndvi > 0.69', -0.027177873008742942)]","{1: [(7, 0.11652836157354336), (8, -0.11117833818932074), (1, -0.06949223835904066), (4, -0.05360355304815257), (0, -0.027177873008742942)]}"
15,"[('dem > 0.41', -0.10939283570112385), ('nwdi <= -0.77', -0.06549778780263986), ('slope <= -0.28', 0.0509818990818083), ('aspect <= -0.70', -0.042135190073809566), ('ndvi > 0.69', -0.026738929282980665)]","{1: [(8, -0.10939283570112385), (1, -0.06549778780263986), (4, 0.0509818990818083), (7, -0.042135190073809566), (0, -0.026738929282980665)]}"
16,"[('tri > 0.90', 0.09652072303074798), ('dem > 0.41', -0.09559303501134746), ('nwdi <= -0.77', -0.07017934916561755), ('slope > -0.28', -0.057546385496143326), ('ndvi > 0.69', -0.034060494259867014)]","{1: [(6, 0.09652072303074798), (8, -0.09559303501134746), (1, -0.07017934916561755), (4, -0.057546385496143326), (0, -0.034060494259867014)]}"
17,"[('dem > 0.41', -0.10126302417712878), ('tri > 0.90', 0.0897917902097538), ('slope <= -0.28', 0.05371511392649624), ('0.08 < nwdi <= 0.72', 0.04848806297895723), ('ndvi <= -0.72', -0.006535735637579112)]","{1: [(8, -0.10126302417712878), (6, 0.0897917902097538), (4, 0.05371511392649624), (1, 0.04848806297895723), (0, -0.006535735637579112)]}"
18,"[('dem > 0.41', -0.10161999029805509), ('slope > -0.28', -0.06394237212492432), ('nwdi <= -0.77', -0.062144020826044845), ('aspect <= -0.70', -0.04396098115810894), ('ndvi > 0.69', -0.02744996561935675)]","{1: [(8, -0.10161999029805509), (4, -0.06394237212492432), (1, -0.062144020826044845), (7, -0.04396098115810894), (0, -0.02744996561935675)]}"
19,"[('dem > 0.41', -0.10726225073205903), ('nwdi <= -0.77', -0.06500210061874324), ('-0.70 < aspect <= -0.16', -0.0639913469226575), ('-0.82 < distancefromriver <= -0.43', 0.05566210206007425), ('slope > -0.28', -0.051781441755020134)]","{1: [(8, -0.10726225073205903), (1, -0.06500210061874324), (7, -0.0639913469226575), (2, 0.05566210206007425), (4, -0.051781441755020134)]}"
20,"[('aspect > 0.94', 0.10828071916427807), ('dem > 0.41', -0.10389158364136253), ('slope > -0.28', -0.04878427073061994), ('tri <= -0.68', -0.036987678741066565), ('0.08 < nwdi <= 0.72', 0.035848715389911655)]","{1: [(7, 0.10828071916427807), (8, -0.10389158364136253), (4, -0.04878427073061994), (6, -0.036987678741066565), (1, 0.035848715389911655)]}"
21,"[('aspect > 0.94', 0.10936930841115874), ('dem > 0.41', -0.1071290358182428), ('tri > 0.90', 0.08612675542086906), ('slope > -0.28', -0.05893055385680719), ('nwdi > 0.72', 0.05184804886261376)]","{1: [(7, 0.10936930841115874), (8, -0.1071290358182428), (6, 0.08612675542086906), (4, -0.05893055385680719), (1, 0.05184804886261376)]}"
22,"[('aspect > 0.94', 0.1063933538180539), ('dem > 0.41', -0.09935300715739431), ('slope > -0.28', -0.056728123727229685), ('-0.82 < distancefromriver <= -0.43', 0.05296846338269971), ('0.08 < nwdi <= 0.72', 0.040375332346915926)]","{1: [(7, 0.1063933538180539), (8, -0.09935300715739431), (4, -0.056728123727229685), (2, 0.05296846338269971), (1, 0.040375332346915926)]}"
23,"[('dem > 0.41', -0.09923353267124675), ('nwdi <= -0.77', -0.060954041130505225), ('slope <= -0.28', 0.056011566909356686), ('tri <= -0.68', -0.038879270050024), ('-0.75 < soils <= 1.32', 0.030250828875021507)]","{1: [(8, -0.09923353267124675), (1, -0.060954041130505225), (4, 0.056011566909356686), (6, -0.038879270050024), (5, 0.030250828875021507)]}"
24,"[('dem > 0.41', -0.11060222883309932), ('slope <= -0.28', 0.060004507669016126), ('aspect <= -0.70', -0.04675876510703083), ('-0.75 < soils <= 1.32', 0.042751648021882666), ('-0.14 < ndvi <= 0.69', 0.024656239977684225)]","{1: [(8, -0.11060222883309932), (4, 0.060004507669016126), (7, -0.04675876510703083), (5, 0.042751648021882666), (0, 0.024656239977684225)]}"
25,"[('aspect > 0.94', 0.105771592864495), ('dem > 0.41', -0.10330876797827401), ('nwdi <= -0.77', -0.07019455029871782), ('slope > -0.28', -0.057611201063000925), ('tri <= -0.68', -0.038099899496427975)]","{1: [(7, 0.105771592864495), (8, -0.10330876797827401), (1, -0.07019455029871782), (4, -0.057611201063000925), (6, -0.038099899496427975)]}"
26,"[('dem > 0.41', -0.10661381996340547), ('slope <= -0.28', 0.05905286135374924), ('aspect <= -0.70', -0.04227543017311483), ('-0.75 < soils <= 1.32', 0.036602441183260025), ('0.08 < nwdi <= 0.72', 0.032338288393008355)]","{1: [(8, -0.10661381996340547), (4, 0.05905286135374924), (7, -0.04227543017311483), (5, 0.036602441183260025), (1, 0.032338288393008355)]}"
27,"[('dem > 0.41', -0.09870629544647097), ('slope > -0.28', -0.061883324455327134), ('nwdi <= -0.77', -0.06023887505367145), ('-0.82 < distancefromriver <= -0.43', 0.057979422915602284), ('ndvi > 0.69', -0.026434017591293445)]","{1: [(8, -0.09870629544647097), (4, -0.061883324455327134), (1, -0.06023887505367145), (2, 0.057979422915602284), (0, -0.026434017591293445)]}"
28,"[('dem > 0.41', -0.10289314089179578), ('nwdi <= -0.77', -0.06432031893331594), ('slope <= -0.28', 0.05727472458326567), ('aspect <= -0.70', -0.04677582389757931), ('ndvi > 0.69', -0.025838771929721942)]","{1: [(8, -0.10289314089179578), (1, -0.06432031893331594), (4, 0.05727472458326567), (7, -0.04677582389757931), (0, -0.025838771929721942)]}"
29,"[('dem > 0.41', -0.10273155886833835), ('nwdi <= -0.77', -0.0641112207869865), ('slope <= -0.28', 0.05959226467532085), ('tri <= -0.68', -0.040053425273560844), ('ndvi > 0.69', -0.027369739705499593)]","{1: [(8, -0.10273155886833835), (1, -0.0641112207869865), (4, 0.05959226467532085), (6, -0.040053425273560844), (0, -0.027369739705499593)]}"
30,"[('aspect > 0.94', 0.11069276691216814), ('dem > 0.41', -0.10537162323370733), ('nwdi <= -0.77', -0.06700146819035219), ('slope > -0.28', -0.058342988753627374), ('ndvi > 0.69', -0.02349245139924693)]","{1: [(7, 0.11069276691216814), (8, -0.10537162323370733), (1, -0.06700146819035219), (4, -0.058342988753627374), (0, -0.02349245139924693)]}"
31,"[('aspect > 0.94', 0.10611228331901304), ('dem > 0.41', -0.10538511662343518), ('tri > 0.90', 0.09100077749693164), ('nwdi <= -0.77', -0.06888222551367378), ('-0.82 < distancefromriver <= -0.43', 0.05265104268163673)]","{1: [(7, 0.10611228331901304), (8, -0.10538511662343518), (6, 0.09100077749693164), (1, -0.06888222551367378), (2, 0.05265104268163673)]}"
32,"[('aspect > 0.94', 0.11042159400185605), ('dem > 0.41', -0.10373683957227488), ('nwdi <= -0.77', -0.05743796116609211), ('slope > -0.28', -0.05641789490642995), ('ndvi > 0.69', -0.02192280010278482)]","{1: [(7, 0.11042159400185605), (8, -0.10373683957227488), (1, -0.05743796116609211), (4, -0.05641789490642995), (0, -0.02192280010278482)]}"
33,"[('dem > 0.41', -0.10248278190429747), ('tri > 0.90', 0.08417612549994523), ('nwdi <= -0.77', -0.064017140477393), ('slope > -0.28', -0.05203242371839862), ('aspect <= -0.70', -0.0366891835769187)]","{1: [(8, -0.10248278190429747), (6, 0.08417612549994523), (1, -0.064017140477393), (4, -0.05203242371839862), (7, -0.0366891835769187)]}"
34,"[('aspect > 0.94', 0.11055642557289189), ('dem > 0.41', -0.1002570637732368), ('nwdi <= -0.77', -0.06358382613933058), ('slope > -0.28', -0.0552674419750247), ('tri <= -0.68', -0.04094886927810219)]","{1: [(7, 0.11055642557289189), (8, -0.1002570637732368), (1, -0.06358382613933058), (4, -0.0552674419750247), (6, -0.04094886927810219)]}"
35,"[('dem > 0.41', -0.1036574136376628), ('nwdi <= -0.77', -0.06346583743735155), ('slope <= -0.28', 0.05992175127048533), ('aspect <= -0.70', -0.04292373128268391), ('ndvi > 0.69', -0.027436074776115777)]","{1: [(8, -0.1036574136376628), (1, -0.06346583743735155), (4, 0.05992175127048533), (7, -0.04292373128268391), (0, -0.027436074776115777)]}"
36,"[('aspect > 0.94', 0.11128628268554672), ('dem > 0.41', -0.10370884554172222), ('tri > 0.90', 0.09054109864875554), ('nwdi <= -0.77', -0.06487894513643289), ('slope > -0.28', -0.0524123689912925)]","{1: [(7, 0.11128628268554672), (8, -0.10370884554172222), (6, 0.09054109864875554), (1, -0.06487894513643289), (4, -0.0524123689912925)]}"
37,"[('dem > 0.41', -0.10036883591317121), ('nwdi <= -0.77', -0.0645358175042112), ('slope <= -0.28', 0.04827838745106365), ('aspect <= -0.70', -0.04156438314104541), ('ndvi > 0.69', -0.024177186428682464)]","{1: [(8, -0.10036883591317121), (1, -0.0645358175042112), (4, 0.04827838745106365), (7, -0.04156438314104541), (0, -0.024177186428682464)]}"
38,"[('dem > 0.41', -0.10644422669057813), ('-0.70 < aspect <= -0.16', -0.06103242521881707), ('nwdi <= -0.77', -0.05926489799464295), ('slope > -0.28', -0.05710520528426183), ('ndvi > 0.69', -0.03059407055856659)]","{1: [(8, -0.10644422669057813), (7, -0.06103242521881707), (1, -0.05926489799464295), (4, -0.05710520528426183), (0, -0.03059407055856659)]}"
39,"[('aspect > 0.94', 0.10783143426943834), ('dem > 0.41', -0.10773994892636105), ('nwdi <= -0.77', -0.06647254506006449), ('slope > -0.28', -0.05092664998748412), ('ndvi > 0.69', -0.02789733570997855)]","{1: [(7, 0.10783143426943834), (8, -0.10773994892636105), (1, -0.06647254506006449), (4, -0.05092664998748412), (0, -0.02789733570997855)]}"
40,"[('tri > 0.90', 0.09505825069404494), ('dem > 0.41', -0.09322953812608975), ('nwdi <= -0.77', -0.062022989954163915), ('slope > -0.28', -0.05370648825053546), ('ndvi > 0.69', -0.026389700578735232)]","{1: [(6, 0.09505825069404494), (8, -0.09322953812608975), (1, -0.062022989954163915), (4, -0.05370648825053546), (0, -0.026389700578735232)]}"
41,"[('dem > 0.41', -0.10158423521686769), ('slope <= -0.28', 0.06481458149183943), ('nwdi <= -0.77', -0.06199075681418558), ('aspect <= -0.70', -0.04493371961791115), ('ndvi > 0.69', -0.023455283729223602)]","{1: [(8, -0.10158423521686769), (4, 0.06481458149183943), (1, -0.06199075681418558), (7, -0.04493371961791115), (0, -0.023455283729223602)]}"
42,"[('dem > 0.41', -0.10327837755246425), ('aspect > 0.94', 0.10221956894475363), ('nwdi <= -0.77', -0.059814173471131916), ('slope > -0.28', -0.04912567256982983), ('tri <= -0.68', -0.04373409914457632)]","{1: [(8, -0.10327837755246425), (7, 0.10221956894475363), (1, -0.059814173471131916), (4, -0.04912567256982983), (6, -0.04373409914457632)]}"
43,"[('dem > 0.41', -0.09772812812842703), ('slope > -0.28', -0.05050867260269245), ('-0.14 < ndvi <= 0.69', 0.027059837486771734), ('-0.77 < nwdi <= 0.08', -0.02232180482687677), ('-0.68 < tri <= 0.05', -0.014745211719005688)]","{1: [(8, -0.09772812812842703), (4, -0.05050867260269245), (0, 0.027059837486771734), (1, -0.02232180482687677), (6, -0.014745211719005688)]}"
44,"[('dem > 0.41', -0.1069131286127465), ('nwdi <= -0.77', -0.06594342244928193), ('-0.70 < aspect <= -0.16', -0.05940520010655808), ('slope <= -0.28', 0.05083614461219352), ('tri <= -0.68', -0.034810231459292414)]","{1: [(8, -0.1069131286127465), (1, -0.06594342244928193), (7, -0.05940520010655808), (4, 0.05083614461219352), (6, -0.034810231459292414)]}"
45,"[('dem > 0.41', -0.10369442150939129), ('nwdi <= -0.77', -0.06312189819404895), ('slope > -0.28', -0.05429204871615761), ('soils > 1.32', 0.02399996278674079), ('ndvi > 0.69', -0.023970888466457663)]","{1: [(8, -0.10369442150939129), (1, -0.06312189819404895), (4, -0.05429204871615761), (5, 0.02399996278674079), (0, -0.023970888466457663)]}"
46,"[('dem > 0.41', -0.10631627499574177), ('tri > 0.90', 0.08549359952564231), ('nwdi <= -0.77', -0.06532268096163933), ('slope > -0.28', -0.05954505663508468), ('ndvi > 0.69', -0.02214568938807204)]","{1: [(8, -0.10631627499574177), (6, 0.08549359952564231), (1, -0.06532268096163933), (4, -0.05954505663508468), (0, -0.02214568938807204)]}"
47,"[('aspect > 0.94', 0.10832106534388213), ('dem > 0.41', -0.0991065620035124), ('tri > 0.90', 0.09250285468483273), ('nwdi <= -0.77', -0.0674034470210494), ('slope > -0.28', -0.05338605670571008)]","{1: [(7, 0.10832106534388213), (8, -0.0991065620035124), (6, 0.09250285468483273), (1, -0.0674034470210494), (4, -0.05338605670571008)]}"
48,"[('dem > 0.41', -0.10240264144443537), ('nwdi <= -0.77', -0.06166682099374724), ('slope > -0.28', -0.05646931333651558), ('-0.70 < aspect <= -0.16', -0.054245457362665714), ('ndvi > 0.69', -0.031593943886609736)]","{1: [(8, -0.10240264144443537), (1, -0.06166682099374724), (4, -0.05646931333651558), (7, -0.054245457362665714), (0, -0.031593943886609736)]}"
49,"[('dem > 0.41', -0.10928825440765813), ('aspect > 0.94', 0.10778141862427862), ('nwdi <= -0.77', -0.06288399028719986), ('slope > -0.28', -0.056718400529496296), ('tri <= -0.68', -0.04005188716301127)]","{1: [(8, -0.10928825440765813), (7, 0.10778141862427862), (1, -0.06288399028719986), (4, -0.056718400529496296), (6, -0.04005188716301127)]}"
50,"[('dem > 0.41', -0.09820939646600359), ('nwdi <= -0.77', -0.061629826553097115), ('slope > -0.28', -0.054550271888283056), ('tri <= -0.68', -0.03043683112893844), ('ndvi > 0.69', -0.019022332275944284)]","{1: [(8, -0.09820939646600359), (1, -0.061629826553097115), (4, -0.054550271888283056), (6, -0.03043683112893844), (0, -0.019022332275944284)]}"
51,"[('dem > 0.41', -0.10434441829907579), ('tri > 0.90', 0.07748835448791064), ('slope <= -0.28', 0.05273636484914163), ('0.08 < nwdi <= 0.72', 0.03893841895811547), ('soils > 1.32', 0.01941079002751951)]","{1: [(8, -0.10434441829907579), (6, 0.07748835448791064), (4, 0.05273636484914163), (1, 0.03893841895811547), (5, 0.01941079002751951)]}"
52,"[('aspect > 0.94', 0.11189090942525383), ('dem > 0.41', -0.10490352421180506), ('nwdi <= -0.77', -0.06376234092267803), ('slope > -0.28', -0.05495629733029239), ('ndvi > 0.69', -0.02649765589640701)]","{1: [(7, 0.11189090942525383), (8, -0.10490352421180506), (1, -0.06376234092267803), (4, -0.05495629733029239), (0, -0.02649765589640701)]}"
53,"[('dem > 0.41', -0.10331883181847631), ('nwdi <= -0.77', -0.062462764547431396), ('slope > -0.28', -0.061444580513049435), ('ndvi > 0.69', -0.024351599136583798), ('0.05 < tri <= 0.90', 0.008490207104124637)]","{1: [(8, -0.10331883181847631), (1, -0.062462764547431396), (4, -0.061444580513049435), (0, -0.024351599136583798), (6, 0.008490207104124637)]}"
54,"[('dem > 0.41', -0.0993118660910585), ('nwdi <= -0.77', -0.06700245231847864), ('slope <= -0.28', 0.05299293856422779), ('aspect <= -0.70', -0.036947132421114144), ('-0.14 < ndvi <= 0.69', 0.03112125200053598)]","{1: [(8, -0.0993118660910585), (1, -0.06700245231847864), (4, 0.05299293856422779), (7, -0.036947132421114144), (0, 0.03112125200053598)]}"
55,"[('aspect > 0.94', 0.10288890419294622), ('dem > 0.41', -0.09844689462132052), ('nwdi <= -0.77', -0.06384963952911123), ('slope > -0.28', -0.06176810907552916), ('tri <= -0.68', -0.03943098743815271)]","{1: [(7, 0.10288890419294622), (8, -0.09844689462132052), (1, -0.06384963952911123), (4, -0.06176810907552916), (6, -0.03943098743815271)]}"
56,"[('dem > 0.41', -0.10198562691814751), ('nwdi <= -0.77', -0.06791213850539475), ('slope > -0.28', -0.060528258572520616), ('-0.75 < soils <= 1.32', 0.02982658500664136), ('ndvi > 0.69', -0.029482539998756146)]","{1: [(8, -0.10198562691814751), (1, -0.06791213850539475), (4, -0.060528258572520616), (5, 0.02982658500664136), (0, -0.029482539998756146)]}"
57,"[('aspect > 0.94', 0.11103662452678703), ('dem > 0.41', -0.10440647866122355), ('tri > 0.90', 0.09024401508518134), ('nwdi <= -0.77', -0.05947620534754385), ('slope > -0.28', -0.058703637364479644)]","{1: [(7, 0.11103662452678703), (8, -0.10440647866122355), (6, 0.09024401508518134), (1, -0.05947620534754385), (4, -0.058703637364479644)]}"
58,"[('dem > 0.41', -0.10418420481337066), ('tri > 0.90', 0.08315320217868259), ('slope <= -0.28', 0.05457102797710652), ('-0.75 < soils <= 1.32', 0.03266379941142357), ('-0.77 < nwdi <= 0.08', -0.01530221169877111)]","{1: [(8, -0.10418420481337066), (6, 0.08315320217868259), (4, 0.05457102797710652), (5, 0.03266379941142357), (1, -0.01530221169877111)]}"
59,"[('dem > 0.41', -0.10210468408291644), ('slope <= -0.28', 0.05784229842137781), ('aspect <= -0.70', -0.04304138232372059), ('-0.77 < nwdi <= 0.08', -0.023285123832032042), ('-0.56 < geology <= 1.00', -0.02098670768304635)]","{1: [(8, -0.10210468408291644), (4, 0.05784229842137781), (7, -0.04304138232372059), (1, -0.023285123832032042), (3, -0.02098670768304635)]}"
60,"[('dem > 0.41', -0.10133984149466753), ('tri > 0.90', 0.08120073235665942), ('nwdi <= -0.77', -0.0697868748790309), ('slope <= -0.28', 0.05458876036968138), ('-0.82 < distancefromriver <= -0.43', 0.05135711234841161)]","{1: [(8, -0.10133984149466753), (6, 0.08120073235665942), (1, -0.0697868748790309), (4, 0.05458876036968138), (2, 0.05135711234841161)]}"
61,"[('dem > 0.41', -0.10091658736588038), ('slope > -0.28', -0.05870544786523204), ('tri <= -0.68', -0.043483198990291044), ('0.08 < nwdi <= 0.72', 0.0384161073243393), ('-0.75 < soils <= 1.32', 0.03418119913909348)]","{1: [(8, -0.10091658736588038), (4, -0.05870544786523204), (6, -0.043483198990291044), (1, 0.0384161073243393), (5, 0.03418119913909348)]}"
62,"[('dem > 0.41', -0.09786786753856176), ('slope <= -0.28', 0.06123791091677755), ('aspect <= -0.70', -0.036574504736532454), ('0.08 < nwdi <= 0.72', 0.03571081654345728), ('-0.75 < soils <= 1.32', 0.03229570984872875)]","{1: [(8, -0.09786786753856176), (4, 0.06123791091677755), (7, -0.036574504736532454), (1, 0.03571081654345728), (5, 0.03229570984872875)]}"
63,"[('dem > 0.41', -0.10481849486637936), ('nwdi <= -0.77', -0.062422249242349466), ('-0.82 < distancefromriver <= -0.43', 0.05711490422220002), ('slope <= -0.28', 0.05539105228115181), ('aspect <= -0.70', -0.04049710467816987)]","{1: [(8, -0.10481849486637936), (1, -0.062422249242349466), (2, 0.05711490422220002), (4, 0.05539105228115181), (7, -0.04049710467816987)]}"
64,"[('dem > 0.41', -0.10094272094820896), ('nwdi <= -0.77', -0.06440078190315171), ('slope > -0.28', -0.0584529621680973), ('tri <= -0.68', -0.040070191953911545), ('ndvi > 0.69', -0.02600520943767919)]","{1: [(8, -0.10094272094820896), (1, -0.06440078190315171), (4, -0.0584529621680973), (6, -0.040070191953911545), (0, -0.02600520943767919)]}"
65,"[('dem > 0.41', -0.10529209174522294), ('slope > -0.28', -0.05441945447701311), ('-0.75 < soils <= 1.32', 0.03079778242736627), ('-0.14 < ndvi <= 0.69', 0.01814887086996511), ('-0.56 < geology <= 1.00', -0.013529181831295447)]","{1: [(8, -0.10529209174522294), (4, -0.05441945447701311), (5, 0.03079778242736627), (0, 0.01814887086996511), (3, -0.013529181831295447)]}"
66,"[('aspect > 0.94', 0.11121156766131658), ('dem > 0.41', -0.10966065302196891), ('slope > -0.28', -0.055692697062185076), ('0.08 < nwdi <= 0.72', 0.04465703774394589), ('tri <= -0.68', -0.041878863820172106)]","{1: [(7, 0.11121156766131658), (8, -0.10966065302196891), (4, -0.055692697062185076), (1, 0.04465703774394589), (6, -0.041878863820172106)]}"
67,"[('dem > 0.41', -0.10837745045910673), ('aspect > 0.94', 0.10317655775539204), ('-0.82 < distancefromriver <= -0.43', 0.05731942676828803), ('slope <= -0.28', 0.05211423732137128), ('tri <= -0.68', -0.03650840981292911)]","{1: [(8, -0.10837745045910673), (7, 0.10317655775539204), (2, 0.05731942676828803), (4, 0.05211423732137128), (6, -0.03650840981292911)]}"
68,"[('aspect > 0.94', 0.10996759004952633), ('dem > 0.41', -0.10458550235920866), ('slope <= -0.28', 0.05358646685905396), ('0.08 < nwdi <= 0.72', 0.03647251037650843), ('tri <= -0.68', -0.03156486468886974)]","{1: [(7, 0.10996759004952633), (8, -0.10458550235920866), (4, 0.05358646685905396), (1, 0.03647251037650843), (6, -0.03156486468886974)]}"
69,"[('aspect > 0.94', 0.10997644891655659), ('dem > 0.41', -0.10221973415981071), ('nwdi <= -0.77', -0.06581621117911214), ('slope <= -0.28', 0.0525562858556126), ('tri <= -0.68', -0.042421038257429586)]","{1: [(7, 0.10997644891655659), (8, -0.10221973415981071), (1, -0.06581621117911214), (4, 0.0525562858556126), (6, -0.042421038257429586)]}"
70,"[('aspect > 0.94', 0.10857250731196086), ('dem > 0.41', -0.1016990851453449), ('slope > -0.28', -0.05477504932888967), ('-0.75 < soils <= 1.32', 0.03285980305925186), ('-0.77 < nwdi <= 0.08', -0.02423253237706346)]","{1: [(7, 0.10857250731196086), (8, -0.1016990851453449), (4, -0.05477504932888967), (5, 0.03285980305925186), (1, -0.02423253237706346)]}"
71,"[('dem > 0.41', -0.1091493312480324), ('aspect > 0.94', 0.10554045903051344), ('tri > 0.90', 0.09170984524972228), ('nwdi <= -0.77', -0.06285263351257438), ('slope > -0.28', -0.05929914514154378)]","{1: [(8, -0.1091493312480324), (7, 0.10554045903051344), (6, 0.09170984524972228), (1, -0.06285263351257438), (4, -0.05929914514154378)]}"
72,"[('dem > 0.41', -0.10249582399296298), ('slope > -0.28', -0.06635545942139649), ('tri <= -0.68', -0.04298244205332861), ('-0.75 < soils <= 1.32', 0.041058605820301276), ('-0.56 < geology <= 1.00', -0.02174064234178572)]","{1: [(8, -0.10249582399296298), (4, -0.06635545942139649), (6, -0.04298244205332861), (5, 0.041058605820301276), (3, -0.02174064234178572)]}"
73,"[('dem > 0.41', -0.10874748424413253), ('slope > -0.28', -0.05891054396564354), ('aspect <= -0.70', -0.04291608257440056), ('0.08 < nwdi <= 0.72', 0.03127125280887214), ('-0.72 < ndvi <= -0.14', 0.015759072737235532)]","{1: [(8, -0.10874748424413253), (4, -0.05891054396564354), (7, -0.04291608257440056), (1, 0.03127125280887214), (0, 0.015759072737235532)]}"
74,"[('dem > 0.41', -0.1072339897050818), ('nwdi <= -0.77', -0.06538840890719035), ('slope <= -0.28', 0.05206541557590011), ('aspect <= -0.70', -0.04108140182702422), ('ndvi > 0.69', -0.025791417468399833)]","{1: [(8, -0.1072339897050818), (1, -0.06538840890719035), (4, 0.05206541557590011), (7, -0.04108140182702422), (0, -0.025791417468399833)]}"
75,"[('dem > 0.41', -0.10057498535511884), ('nwdi <= -0.77', -0.0656866239455236), ('slope <= -0.28', 0.051255311605349345), ('aspect <= -0.70', -0.03977681416970516), ('ndvi > 0.69', -0.020591403673981577)]","{1: [(8, -0.10057498535511884), (1, -0.0656866239455236), (4, 0.051255311605349345), (7, -0.03977681416970516), (0, -0.020591403673981577)]}"
76,"[('dem > 0.41', -0.10501310613580606), ('-0.70 < aspect <= -0.16', -0.05908844118020528), ('slope > -0.28', -0.050570752708127), ('-0.14 < ndvi <= 0.69', 0.025664784654218484), ('-0.77 < nwdi <= 0.08', -0.019110605798145358)]","{1: [(8, -0.10501310613580606), (7, -0.05908844118020528), (4, -0.050570752708127), (0, 0.025664784654218484), (1, -0.019110605798145358)]}"
77,"[('dem > 0.41', -0.09827539113632276), ('nwdi <= -0.77', -0.06542113949905559), ('slope > -0.28', -0.05662528370562542), ('tri <= -0.68', -0.04584708593625715), ('ndvi > 0.69', -0.029291379272380305)]","{1: [(8, -0.09827539113632276), (1, -0.06542113949905559), (4, -0.05662528370562542), (6, -0.04584708593625715), (0, -0.029291379272380305)]}"
78,"[('dem > 0.41', -0.11101305247378375), ('nwdi <= -0.77', -0.06459657534855812), ('slope > -0.28', -0.04182009784828387), ('ndvi > 0.69', -0.02912341404928538), ('0.05 < tri <= 0.90', 0.006165135029115627)]","{1: [(8, -0.11101305247378375), (1, -0.06459657534855812), (4, -0.04182009784828387), (0, -0.02912341404928538), (6, 0.006165135029115627)]}"
79,"[('dem > 0.41', -0.10350715272164739), ('slope > -0.28', -0.05512853787247065), ('soils > 1.32', 0.02309543137341575), ('-0.77 < nwdi <= 0.08', -0.020053003001505792), ('-0.16 < aspect <= 0.94', -0.00709025225327126)]","{1: [(8, -0.10350715272164739), (4, -0.05512853787247065), (5, 0.02309543137341575), (1, -0.020053003001505792), (7, -0.00709025225327126)]}"
80,"[('aspect > 0.94', 0.10884209034719318), ('dem > 0.41', -0.10495012073485394), ('slope > -0.28', -0.055255110743645655), ('-0.77 < nwdi <= 0.08', -0.019236021379639996), ('-0.72 < ndvi <= -0.14', 0.008922587438484762)]","{1: [(7, 0.10884209034719318), (8, -0.10495012073485394), (4, -0.055255110743645655), (1, -0.019236021379639996), (0, 0.008922587438484762)]}"
81,"[('dem > 0.41', -0.09915170563387966), ('slope > -0.28', -0.0560055133854024), ('tri <= -0.68', -0.049378991579578674), ('-0.75 < soils <= 1.32', 0.039713390939242435), ('-0.56 < geology <= 1.00', -0.022069260195237365)]","{1: [(8, -0.09915170563387966), (4, -0.0560055133854024), (6, -0.049378991579578674), (5, 0.039713390939242435), (3, -0.022069260195237365)]}"
82,"[('dem > 0.41', -0.10040501660234555), ('nwdi <= -0.77', -0.06514104664004211), ('slope > -0.28', -0.060914272146870334), ('ndvi > 0.69', -0.02454194424054934), ('distancefromriver <= -0.82', 0.008651972731280077)]","{1: [(8, -0.10040501660234555), (1, -0.06514104664004211), (4, -0.060914272146870334), (0, -0.02454194424054934), (2, 0.008651972731280077)]}"
83,"[('dem > 0.41', -0.10875088937485937), ('slope > -0.28', -0.055087530997031384), ('soils <= -0.75', -0.04307266700012635), ('tri <= -0.68', -0.0375253659376476), ('0.08 < nwdi <= 0.72', 0.03420577026012351)]","{1: [(8, -0.10875088937485937), (4, -0.055087530997031384), (5, -0.04307266700012635), (6, -0.0375253659376476), (1, 0.03420577026012351)]}"
84,"[('dem > 0.41', -0.1052071428926804), ('tri > 0.90', 0.08325272471450255), ('slope <= -0.28', 0.0584201423496473), ('soils <= -0.75', -0.04086176139045118), ('-0.14 < ndvi <= 0.69', 0.026650566583792824)]","{1: [(8, -0.1052071428926804), (6, 0.08325272471450255), (4, 0.0584201423496473), (5, -0.04086176139045118), (0, 0.026650566583792824)]}"
85,"[('dem > 0.41', -0.10813943816547493), ('slope <= -0.28', 0.05810498464174671), ('aspect <= -0.70', -0.038464786833321475), ('0.08 < nwdi <= 0.72', 0.0342242848194747), ('-0.68 < tri <= 0.05', -0.014633670121075387)]","{1: [(8, -0.10813943816547493), (4, 0.05810498464174671), (7, -0.038464786833321475), (1, 0.0342242848194747), (6, -0.014633670121075387)]}"
86,"[('dem > 0.41', -0.10676538670537791), ('-0.70 < aspect <= -0.16', -0.05731375726391127), ('nwdi <= -0.77', -0.056890396778806016), ('slope > -0.28', -0.05188995248951795), ('tri <= -0.68', -0.04163792985566893)]","{1: [(8, -0.10676538670537791), (7, -0.05731375726391127), (1, -0.056890396778806016), (4, -0.05188995248951795), (6, -0.04163792985566893)]}"
87,"[('dem > 0.41', -0.10670764214611307), ('slope <= -0.28', 0.05500425238510681), ('aspect <= -0.70', -0.044234333622901745), ('0.08 < nwdi <= 0.72', 0.039865093765298926), ('-0.75 < soils <= 1.32', 0.0381702403728183)]","{1: [(8, -0.10670764214611307), (4, 0.05500425238510681), (7, -0.044234333622901745), (1, 0.039865093765298926), (5, 0.0381702403728183)]}"
88,"[('dem > 0.41', -0.10807857825375895), ('slope <= -0.28', 0.05527741820210037), ('aspect <= -0.70', -0.04120930306410712), ('-0.75 < soils <= 1.32', 0.035280966528190225), ('-0.56 < geology <= 1.00', -0.01819871624909878)]","{1: [(8, -0.10807857825375895), (4, 0.05527741820210037), (7, -0.04120930306410712), (5, 0.035280966528190225), (3, -0.01819871624909878)]}"
89,"[('dem > 0.41', -0.1107656444075015), ('aspect > 0.94', 0.10810342113863594), ('nwdi <= -0.77', -0.07334817855068759), ('slope <= -0.28', 0.06483816280832029), ('-0.82 < distancefromriver <= -0.43', 0.05685965675478077)]","{1: [(8, -0.1107656444075015), (7, 0.10810342113863594), (1, -0.07334817855068759), (4, 0.06483816280832029), (2, 0.05685965675478077)]}"
90,"[('dem > 0.41', -0.1016811758985316), ('slope <= -0.28', 0.051990628890125984), ('aspect <= -0.70', -0.047089351973399196), ('-0.14 < ndvi <= 0.69', 0.028343994871713636), ('-0.56 < geology <= 1.00', -0.020864084223184077)]","{1: [(8, -0.1016811758985316), (4, 0.051990628890125984), (7, -0.047089351973399196), (0, 0.028343994871713636), (3, -0.020864084223184077)]}"
91,"[('dem > 0.41', -0.10389656444665755), ('slope > -0.28', -0.059369313785717304), ('aspect <= -0.70', -0.04434932016839228), ('0.08 < nwdi <= 0.72', 0.03553297800031226), ('-0.75 < soils <= 1.32', 0.030256571371557534)]","{1: [(8, -0.10389656444665755), (4, -0.059369313785717304), (7, -0.04434932016839228), (1, 0.03553297800031226), (5, 0.030256571371557534)]}"
92,"[('aspect > 0.94', 0.10997365367943915), ('dem > 0.41', -0.10784492495401748), ('nwdi <= -0.77', -0.06569605379122401), ('slope > -0.28', -0.05817272350692475), ('ndvi > 0.69', -0.028797426446043713)]","{1: [(7, 0.10997365367943915), (8, -0.10784492495401748), (1, -0.06569605379122401), (4, -0.05817272350692475), (0, -0.028797426446043713)]}"
93,"[('dem > 0.41', -0.10343249158317706), ('nwdi <= -0.77', -0.06477362904710188), ('slope <= -0.28', 0.058968991283515605), ('tri <= -0.68', -0.046875581475812785), ('-0.75 < soils <= 1.32', 0.02914937785515041)]","{1: [(8, -0.10343249158317706), (1, -0.06477362904710188), (4, 0.058968991283515605), (6, -0.046875581475812785), (5, 0.02914937785515041)]}"
94,"[('dem > 0.41', -0.10444035231080408), ('slope <= -0.28', 0.057620572838703754), ('aspect <= -0.70', -0.044361579812203726), ('0.08 < nwdi <= 0.72', 0.033667609447698976), ('-0.75 < soils <= 1.32', 0.029880559203818127)]","{1: [(8, -0.10444035231080408), (4, 0.057620572838703754), (7, -0.044361579812203726), (1, 0.033667609447698976), (5, 0.029880559203818127)]}"
95,"[('dem > 0.41', -0.1047778468680757), ('slope <= -0.28', 0.054200319684879976), ('aspect <= -0.70', -0.043764660598764986), ('-0.75 < soils <= 1.32', 0.034547057831262176), ('-0.14 < ndvi <= 0.69', 0.024994880851397127)]","{1: [(8, -0.1047778468680757), (4, 0.054200319684879976), (7, -0.043764660598764986), (5, 0.034547057831262176), (0, 0.024994880851397127)]}"
96,"[('dem > 0.41', -0.10863194520943538), ('nwdi <= -0.77', -0.07464639864139022), ('slope > -0.28', -0.055951451238465066), ('tri <= -0.68', -0.03804875375171436), ('-0.75 < soils <= 1.32', 0.03348097497319806)]","{1: [(8, -0.10863194520943538), (1, -0.07464639864139022), (4, -0.055951451238465066), (6, -0.03804875375171436), (5, 0.03348097497319806)]}"
97,"[('aspect > 0.94', 0.10543978143326646), ('dem > 0.41', -0.10489834759348148), ('nwdi <= -0.77', -0.06630973935527927), ('-0.82 < distancefromriver <= -0.43', 0.0596910651544589), ('slope > -0.28', -0.05541725057459956)]","{1: [(7, 0.10543978143326646), (8, -0.10489834759348148), (1, -0.06630973935527927), (2, 0.0596910651544589), (4, -0.05541725057459956)]}"
98,"[('aspect > 0.94', 0.11074220103072271), ('dem > 0.41', -0.10229904615465937), ('slope > -0.28', -0.06525722519710506), ('tri <= -0.68', -0.03780710744823385), ('-0.77 < nwdi <= 0.08', -0.01824503429896188)]","{1: [(7, 0.11074220103072271), (8, -0.10229904615465937), (4, -0.06525722519710506), (6, -0.03780710744823385), (1, -0.01824503429896188)]}"
99,"[('dem > 0.41', -0.10772473088254195), ('slope > -0.28', -0.05739553561676049), ('0.08 < nwdi <= 0.72', 0.03860710163004447), ('-0.75 < soils <= 1.32', 0.027880147744780658), ('-0.56 < geology <= 1.00', -0.016837748122876302)]","{1: [(8, -0.10772473088254195), (4, -0.05739553561676049), (1, 0.03860710163004447), (5, 0.027880147744780658), (3, -0.016837748122876302)]}"
